id,first_name,last_name,email,gender,ip_address
1,Leroy,Shingfield,lshingfield0@vimeo.com,Male,40.42.248.29
2,Alvy,Vokes,avokes1@reuters.com,Male,70.129.219.254
3,Tedd,Rakestraw,trakestraw2@jiathis.com,Male,0.10.127.109
4,Milt,Hartzogs,mhartzogs3@cpanel.net,Male,131.118.236.210
5,Park,Peter,ppeter4@springer.com,Male,85.102.17.151
6,Freddy,Bamlett,fbamlett5@g.co,Male,58.217.160.2
7,Riannon,Brahmer,rbrahmer6@blog.com,Female,48.231.44.74
8,Costanza,Cotherill,ccotherill7@nyu.edu,Female,231.228.171.190
9,Martie,Eagger,meagger8@i2i.jp,Male,84.65.247.118
10,Ingar,Waker,iwaker9@stanford.edu,Male,102.5.125.236
11,Arel,Danihelka,adanihelkaa@patch.com,Male,177.78.58.24
12,Archibald,MacNalley,amacnalleyb@technorati.com,Male,4.197.106.68
13,Urson,Buxam,ubuxamc@chicagotribune.com,Male,34.223.187.238
14,Codie,Woolard,cwoolardd@taobao.com,Bigender,127.144.227.161
15,Gene,Placide,gplacidee@reverbnation.com,Female,251.204.160.222
16,Marni,Salvidge,msalvidgef@taobao.com,Agender,194.31.136.182
17,Stanton,Mattaser,smattaserg@phpbb.com,Agender,19.218.23.12
18,Coop,Kopec,ckopech@cbc.ca,Male,189.167.28.247
19,Netty,Gromley,ngromleyi@sciencedirect.com,Polygender,139.178.206.79
20,Barret,Tunmore,btunmorej@bandcamp.com,Non-binary,221.89.91.168
21,Genia,Wabey,gwabeyk@google.cn,Female,80.60.169.80
22,Suzann,Brilleman,sbrillemanl@cafepress.com,Polygender,190.191.161.76
23,Matty,Altofts,maltoftsm@tiny.cc,Male,168.185.247.120
24,Benn,Jex,bjexn@census.gov,Male,21.172.105.96
25,Dylan,Udell,dudello@dropbox.com,Male,156.116.13.154
26,Megen,Girodin,mgirodinp@microsoft.com,Female,184.117.72.9
27,Natala,Krzyzowski,nkrzyzowskiq@army.mil,Female,138.151.5.206
28,Izaak,Ashe,iasher@shareasale.com,Male,15.138.115.217
29,Corbin,Peckham,cpeckhams@narod.ru,Male,41.2.136.4
30,Roxane,Held,rheldt@miibeian.gov.cn,Female,190.244.222.35
31,Jerad,Tomaszek,jtomaszeku@skype.com,Male,197.118.172.111
32,Tabbi,Puddan,tpuddanv@technorati.com,Female,14.8.86.161
33,Chan,Keme,ckemew@alibaba.com,Genderfluid,192.161.132.111
34,Vito,Gerritzen,vgerritzenx@adobe.com,Male,213.36.150.144
35,Laurice,Laxton,llaxtony@howstuffworks.com,Female,245.77.14.117
36,Yulma,McAloren,ymcalorenz@instagram.com,Male,232.50.36.200
37,Kenon,Sapshed,ksapshed10@umich.edu,Male,237.62.18.160
38,Shena,Lodford,slodford11@jimdo.com,Female,2.237.133.10
39,Morgana,Sewell,msewell12@baidu.com,Female,185.122.202.185
40,Katusha,Valek,kvalek13@msu.edu,Agender,8.84.214.84
41,Nevin,Hustler,nhustler14@ucsd.edu,Male,16.55.155.177
42,Patience,Amey,pamey15@comsenz.com,Bigender,148.163.37.179
43,Randie,Crumb,rcrumb16@wordpress.com,Male,247.46.140.189
44,Mattheus,Daville,mdaville17@virginia.edu,Male,34.12.97.114
45,Jermaine,Strettell,jstrettell18@uol.com.br,Male,164.43.146.41
46,Ash,Opy,aopy19@bbb.org,Male,23.3.151.201
47,Nicolais,Duligall,nduligall1a@dion.ne.jp,Male,174.253.233.66
48,Rahel,Ellcock,rellcock1b@marketwatch.com,Female,41.245.89.57
49,Jase,Tolomio,jtolomio1c@github.io,Male,137.94.97.121
50,Jo-ann,Hasell,jhasell1d@blogs.com,Female,108.59.93.162
51,Israel,Joron,ijoron1e@mysql.com,Male,245.100.75.125
52,Ignace,Tunmore,itunmore1f@uiuc.edu,Male,206.89.51.149
53,Elfrieda,Soldner,esoldner1g@globo.com,Female,35.38.218.191
54,Ashlee,O'Mailey,aomailey1h@comcast.net,Female,230.114.122.70
55,Keelby,Kilborn,kkilborn1i@cdc.gov,Male,224.65.250.172
56,Pacorro,Mattam,pmattam1j@livejournal.com,Male,100.203.128.98
57,Colene,Eginton,ceginton1k@trellian.com,Female,222.200.169.176
58,Chere,Copnall,ccopnall1l@google.com,Female,137.8.6.160
59,Johna,Lattin,jlattin1m@reddit.com,Female,68.205.88.247
60,Alethea,Watters,awatters1n@google.com,Female,107.244.155.155
61,Althea,Bilovsky,abilovsky1o@artisteer.com,Female,40.150.163.161
62,Brigida,Worsnap,bworsnap1p@elegantthemes.com,Female,114.230.14.181
63,Barbe,Strickland,bstrickland1q@state.gov,Female,212.1.47.181
64,Zebulen,Fulkes,zfulkes1r@usatoday.com,Male,132.127.122.54
65,Nobe,Duckham,nduckham1s@friendfeed.com,Male,63.7.43.61
66,Cristi,Vassel,cvassel1t@cnbc.com,Female,239.244.92.19
67,Cordi,Assad,cassad1u@vk.com,Female,214.77.131.81
68,Vladimir,Fer,vfer1v@wikimedia.org,Bigender,131.186.197.246
69,Lucia,Thomasen,lthomasen1w@creativecommons.org,Polygender,12.245.26.38
70,Cullie,Maase,cmaase1x@state.gov,Male,120.226.224.56
71,Justis,Aleavy,jaleavy1y@thetimes.co.uk,Male,249.95.136.12
72,Drusilla,Steedman,dsteedman1z@i2i.jp,Female,54.78.221.218
73,Yardley,Davidow,ydavidow20@mashable.com,Male,57.79.92.228
74,Imogene,Marde,imarde21@webmd.com,Female,43.77.72.42
75,Julie,Esslement,jesslement22@meetup.com,Male,96.105.204.179
76,Candace,Bucksey,cbucksey23@ucoz.ru,Bigender,174.43.49.97
77,Ethelind,Gremain,egremain24@apache.org,Female,186.20.143.254
78,Tobit,Frisel,tfrisel25@statcounter.com,Male,192.150.199.247
79,Chaim,Fergie,cfergie26@google.com.au,Male,186.209.90.139
80,Adel,Labeuil,alabeuil27@dion.ne.jp,Female,218.14.50.95
81,Brewer,Haddington,bhaddington28@usatoday.com,Male,207.53.31.46
82,Auguste,Urey,aurey29@artisteer.com,Female,78.163.83.148
83,Cherye,Corday,ccorday2a@washington.edu,Female,247.13.134.98
84,Niccolo,Deeming,ndeeming2b@redcross.org,Male,129.10.122.199
85,Bronson,Beartup,bbeartup2c@nifty.com,Male,163.174.93.215
86,Vick,Gibby,vgibby2d@goo.gl,Bigender,60.204.134.7
87,Hortensia,Kibbe,hkibbe2e@zimbio.com,Female,99.157.137.200
88,Ashleigh,Mathivet,amathivet2f@discuz.net,Non-binary,17.33.142.172
89,Dario,De Anesy,ddeanesy2g@360.cn,Male,239.63.237.9
90,Lauren,Bannell,lbannell2h@fastcompany.com,Male,208.54.94.252
91,Jaquelin,Seywood,jseywood2i@squidoo.com,Bigender,196.120.185.82
92,Elsinore,Casbon,ecasbon2j@edublogs.org,Female,209.51.39.164
93,Magdalene,Vannuchi,mvannuchi2k@netvibes.com,Female,4.210.82.65
94,Genia,Ferran,gferran2l@blogs.com,Female,191.122.166.113
95,Thaine,Duddell,tduddell2m@elegantthemes.com,Male,206.72.224.129
96,Fitz,Gillions,fgillions2n@geocities.jp,Male,247.92.252.244
97,Kendell,Goulston,kgoulston2o@cbslocal.com,Male,242.220.251.159
98,Marabel,Teligin,mteligin2p@jigsy.com,Female,56.227.176.222
99,Tansy,Gossling,tgossling2q@list-manage.com,Female,162.6.44.226
100,Carleen,Rosewell,crosewell2r@constantcontact.com,Female,136.236.147.111
101,Richie,Dengate,rdengate2s@amazon.com,Genderqueer,108.240.59.2
102,Frasquito,Gianetti,fgianetti2t@booking.com,Male,212.43.36.52
103,Flem,Agett,fagett2u@etsy.com,Male,183.234.15.90
104,Ferd,Jahnig,fjahnig2v@google.pl,Male,53.200.107.109
105,Delila,Sainsbury,dsainsbury2w@whitehouse.gov,Female,11.13.161.82
106,Atlanta,O'Farris,aofarris2x@surveymonkey.com,Female,55.237.217.166
107,Matilde,Druett,mdruett2y@creativecommons.org,Female,136.236.188.67
108,Nisse,Loghan,nloghan2z@netvibes.com,Female,250.136.79.40
109,Zahara,Du Plantier,zduplantier30@webnode.com,Female,135.251.217.230
110,Wolfgang,Godlonton,wgodlonton31@intel.com,Male,174.141.43.40
111,Roby,Deehan,rdeehan32@scientificamerican.com,Female,229.200.111.30
112,Waly,Whiteoak,wwhiteoak33@smugmug.com,Bigender,153.13.130.75
113,Ciro,Vermer,cvermer34@webmd.com,Male,23.153.183.138
114,Alexandrina,MacCourt,amaccourt35@blogtalkradio.com,Female,178.80.249.59
115,Thomas,Gluyus,tgluyus36@xing.com,Male,162.227.44.238
116,Efren,Dawdry,edawdry37@paypal.com,Male,216.6.82.184
117,Phillipp,Hanselmann,phanselmann38@twitpic.com,Male,84.86.233.57
118,Vittoria,Dancy,vdancy39@histats.com,Female,245.162.45.87
119,Renell,Guidotti,rguidotti3a@answers.com,Female,219.85.121.30
120,Jermaine,Menauteau,jmenauteau3b@homestead.com,Male,143.20.4.166
121,Gayler,Nore,gnore3c@alibaba.com,Male,195.89.171.238
122,Glenna,Berthome,gberthome3d@oaic.gov.au,Female,55.188.81.91
123,Bernarr,Fairhurst,bfairhurst3e@facebook.com,Male,134.115.231.95
124,Shelden,Bottrill,sbottrill3f@geocities.jp,Male,131.234.123.61
125,Katalin,Seery,kseery3g@dailymail.co.uk,Genderfluid,183.228.21.48
126,Tallie,Figliovanni,tfigliovanni3h@blogtalkradio.com,Male,117.56.173.125
127,Rachael,Brister,rbrister3i@gnu.org,Female,35.152.103.170
128,Ardenia,Enbury,aenbury3j@deliciousdays.com,Female,203.91.224.11
129,Onfroi,Tams,otams3k@upenn.edu,Non-binary,210.163.54.195
130,Roberto,Cairns,rcairns3l@oracle.com,Male,169.253.44.151
131,Hildagard,Ghidelli,hghidelli3m@eventbrite.com,Female,182.198.116.146
132,Orelia,Murdy,omurdy3n@dropbox.com,Female,88.45.20.76
133,Whitney,Levings,wlevings3o@google.com.br,Female,182.54.204.189
134,Nomi,Nealey,nnealey3p@google.de,Female,38.95.94.198
135,Brod,Gasperi,bgasperi3q@shareasale.com,Male,211.56.222.138
136,Lark,Gozney,lgozney3r@yellowbook.com,Female,195.30.29.82
137,Bernie,Wissby,bwissby3s@slashdot.org,Male,154.252.129.196
138,Ciro,Gerran,cgerran3t@yellowpages.com,Male,121.89.221.122
139,Jodee,Tee,jtee3u@fc2.com,Female,155.199.6.66
140,Zahara,Worling,zworling3v@epa.gov,Bigender,147.246.172.172
141,Homere,Waterland,hwaterland3w@google.com.br,Male,114.205.84.232
142,Reeba,Cameli,rcameli3x@geocities.jp,Female,223.221.66.73
143,Silas,Dreinan,sdreinan3y@paypal.com,Male,209.207.85.254
144,Hillery,MacLeese,hmacleese3z@hud.gov,Male,250.51.130.54
145,Else,Snipe,esnipe40@eepurl.com,Female,56.190.209.137
146,Shadow,Hubbart,shubbart41@purevolume.com,Male,61.12.41.35
147,Axe,Durnford,adurnford42@merriam-webster.com,Male,8.179.0.8
148,Bret,Leander,bleander43@eventbrite.com,Non-binary,124.19.66.127
149,Gwendolyn,Meagher,gmeagher44@constantcontact.com,Female,203.242.105.166
150,Remy,Mathieson,rmathieson45@exblog.jp,Polygender,210.38.54.7
151,Cleve,Haith,chaith46@oakley.com,Male,225.192.31.104
152,Marcella,Stanex,mstanex47@biglobe.ne.jp,Female,124.167.230.176
153,Hort,Jennings,hjennings48@1688.com,Male,196.104.169.249
154,Mar,Mayoh,mmayoh49@goo.ne.jp,Non-binary,128.227.38.24
155,Jourdain,Powe,jpowe4a@wikipedia.org,Male,169.205.0.68
156,Persis,Pavlovic,ppavlovic4b@cpanel.net,Female,246.247.253.218
157,Jacklin,Tureville,jtureville4c@csmonitor.com,Female,96.97.195.121
158,Carly,Shearston,cshearston4d@yahoo.com,Male,9.204.219.209
159,Christabella,Allcroft,callcroft4e@etsy.com,Female,126.246.24.253
160,Sandro,Joburn,sjoburn4f@arizona.edu,Male,83.105.129.0
161,Theodosia,Krugmann,tkrugmann4g@canalblog.com,Female,1.255.36.128
162,Ryun,Reuther,rreuther4h@arstechnica.com,Male,198.207.93.235
163,Duane,Mandal,dmandal4i@nymag.com,Male,206.93.140.6
164,Porter,Caustick,pcaustick4j@dell.com,Male,248.5.243.184
165,Jennine,Duer,jduer4k@flavors.me,Female,131.38.174.138
166,Sayre,Benning,sbenning4l@elpais.com,Male,141.76.43.147
167,Zak,Mattheissen,zmattheissen4m@themeforest.net,Male,238.251.26.117
168,Dalia,Durrett,ddurrett4n@timesonline.co.uk,Female,127.213.128.56
169,Payton,Braidwood,pbraidwood4o@lulu.com,Male,242.54.195.100
170,Tony,Bortolutti,tbortolutti4p@theatlantic.com,Female,162.248.105.232
171,Lydia,Dmtrovic,ldmtrovic4q@va.gov,Female,149.167.224.171
172,Susie,Daubeny,sdaubeny4r@fotki.com,Female,211.148.164.85
173,Isabelle,Pallent,ipallent4s@ustream.tv,Female,24.157.244.218
174,Dorey,Fabbri,dfabbri4t@constantcontact.com,Female,36.130.111.131
175,Erin,Blackeby,eblackeby4u@google.com.hk,Male,19.86.102.187
176,Karolina,Piaggia,kpiaggia4v@wikipedia.org,Female,150.72.121.5
177,Arlyn,Ridsdell,aridsdell4w@dailymotion.com,Female,36.133.175.221
178,Kile,Myring,kmyring4x@alibaba.com,Male,134.82.45.98
179,Mathian,Cotillard,mcotillard4y@census.gov,Male,99.14.82.219
180,Janeczka,McIlmorie,jmcilmorie4z@de.vu,Female,11.244.39.9
181,Lawry,Robak,lrobak50@123-reg.co.uk,Male,205.112.113.189
182,Jamesy,Dumphry,jdumphry51@noaa.gov,Male,183.85.43.124
183,Lucienne,Gotch,lgotch52@reverbnation.com,Female,233.238.202.56
184,Jerrylee,Oldred,joldred53@flickr.com,Female,126.191.166.225
185,Mathilde,Kilfeather,mkilfeather54@miitbeian.gov.cn,Female,94.250.211.162
186,Bella,Ternent,bternent55@mayoclinic.com,Female,199.104.254.170
187,Dulcea,Geeritz,dgeeritz56@msn.com,Female,50.46.18.201
188,Averil,Franschini,afranschini57@nationalgeographic.com,Female,190.59.118.214
189,Gail,Monnelly,gmonnelly58@tinyurl.com,Male,224.81.65.97
190,Raina,Seydlitz,rseydlitz59@plala.or.jp,Agender,171.231.111.162
191,Lyda,Meiklejohn,lmeiklejohn5a@dell.com,Female,122.29.70.86
192,Cass,Cutress,ccutress5b@imageshack.us,Male,127.26.65.68
193,Jilly,Theuss,jtheuss5c@sakura.ne.jp,Female,215.243.97.77
194,Jenn,Bretelle,jbretelle5d@diigo.com,Female,160.238.26.166
195,Edan,Compford,ecompford5e@twitter.com,Male,181.164.244.103
196,Ebony,Gebbie,egebbie5f@nyu.edu,Female,21.163.224.91
197,Wildon,Skill,wskill5g@freewebs.com,Male,114.151.239.202
198,Louise,Menichini,lmenichini5h@shareasale.com,Bigender,124.111.157.23
199,Stephenie,Aslett,saslett5i@examiner.com,Female,175.156.143.196
200,Rodrigo,Twiddell,rtwiddell5j@ft.com,Male,3.29.189.204
201,Cherlyn,Ramsted,cramsted5k@ucsd.edu,Agender,79.236.228.14
202,Dyane,Moland,dmoland5l@qq.com,Female,141.128.46.243
203,Byrle,Frantsev,bfrantsev5m@skype.com,Male,227.105.146.117
204,Sharline,Gregoratti,sgregoratti5n@yellowpages.com,Female,86.10.116.127
205,Travers,Beddall,tbeddall5o@psu.edu,Male,72.239.1.117
206,Brody,Beszant,bbeszant5p@ycombinator.com,Genderfluid,138.92.128.163
207,Boycey,Cutajar,bcutajar5q@mlb.com,Male,212.250.166.30
208,Cchaddie,Fury,cfury5r@nationalgeographic.com,Male,142.157.144.66
209,Lesley,Cristofolo,lcristofolo5s@51.la,Male,191.222.105.203
210,Lewiss,Tresise,ltresise5t@eventbrite.com,Male,236.84.120.254
211,Kizzee,Carmichael,kcarmichael5u@weebly.com,Female,16.135.103.175
212,Mame,Liver,mliver5v@dagondesign.com,Female,91.128.39.151
213,Grantham,Panks,gpanks5w@blogger.com,Male,50.11.134.16
214,Cesya,Cluderay,ccluderay5x@jugem.jp,Female,13.123.77.29
215,Daisie,Pucker,dpucker5y@webmd.com,Female,47.195.52.216
216,Homerus,Woodthorpe,hwoodthorpe5z@ed.gov,Male,123.76.240.217
217,Adah,Fewster,afewster60@alibaba.com,Female,44.244.75.113
218,Marcelo,Flitcroft,mflitcroft61@google.it,Male,65.6.67.134
219,Marcelo,Howsley,mhowsley62@bigcartel.com,Male,226.49.89.21
220,Padriac,Wellstood,pwellstood63@example.com,Male,243.245.194.191
221,Griz,Keppe,gkeppe64@bravesites.com,Male,110.121.36.5
222,Maryann,Barbie,mbarbie65@indiegogo.com,Female,139.166.54.126
223,Pietrek,Vasnev,pvasnev66@twitpic.com,Male,138.52.138.198
224,Izaak,Newns,inewns67@cafepress.com,Male,56.96.107.239
225,Granthem,McFetridge,gmcfetridge68@slashdot.org,Male,152.36.14.228
226,Janith,Scarlon,jscarlon69@dagondesign.com,Female,142.158.88.28
227,Heinrick,Crank,hcrank6a@msu.edu,Male,22.67.233.201
228,Felita,Borchardt,fborchardt6b@mtv.com,Female,227.221.18.157
229,Stanislaus,Stickins,sstickins6c@nhs.uk,Male,214.231.164.91
230,Jackelyn,Giral,jgiral6d@vinaora.com,Female,136.100.65.131
231,Nikola,Maultby,nmaultby6e@pinterest.com,Male,210.78.56.117
232,Adrian,Beardmore,abeardmore6f@bloglovin.com,Male,49.187.232.80
233,Jessie,Read,jread6g@europa.eu,Male,201.99.4.39
234,Karim,Polk,kpolk6h@cnbc.com,Male,72.38.188.217
235,Jenny,Bottomley,jbottomley6i@boston.com,Female,195.237.9.157
236,Yul,Rides,yrides6j@wp.com,Male,43.57.32.129
237,Shoshana,Micklewicz,smicklewicz6k@furl.net,Female,61.59.8.120
238,Berget,MacCome,bmaccome6l@privacy.gov.au,Female,139.198.244.140
239,Romeo,Hazell,rhazell6m@blogger.com,Male,163.35.126.12
240,Delmar,Vivian,dvivian6n@walmart.com,Bigender,54.189.82.209
241,Lidia,Loram,lloram6o@fastcompany.com,Female,37.145.150.22
242,Reggie,Aseef,raseef6p@github.io,Male,93.102.95.21
243,Ludvig,McCarlie,lmccarlie6q@nasa.gov,Male,243.189.62.247
244,Lorianna,Paschek,lpaschek6r@amazon.de,Female,92.147.210.243
245,Ibby,Karlsen,ikarlsen6s@amazonaws.com,Genderfluid,70.189.249.78
246,Grange,Hartland,ghartland6t@devhub.com,Male,126.65.202.60
247,Sheilakathryn,Menghi,smenghi6u@github.com,Female,117.149.91.150
248,Aurora,Mincher,amincher6v@google.co.jp,Female,164.177.201.30
249,Tyson,Bellini,tbellini6w@samsung.com,Male,60.196.162.232
250,Cecil,Mazella,cmazella6x@usda.gov,Male,228.59.246.136
251,Betty,Idle,bidle6y@discuz.net,Female,27.163.191.136
252,Andra,Pegden,apegden6z@t-online.de,Female,82.209.81.240
253,Mirabella,Marconi,mmarconi70@hud.gov,Bigender,115.166.132.84
254,Cosmo,Shee,cshee71@accuweather.com,Bigender,71.217.132.39
255,Norris,Louthe,nlouthe72@jigsy.com,Male,87.42.99.214
256,Jehu,McGenis,jmcgenis73@cisco.com,Male,228.24.14.74
257,Adler,Comins,acomins74@bluehost.com,Male,82.139.52.159
258,Decca,Perfitt,dperfitt75@w3.org,Male,198.64.31.60
259,North,Walhedd,nwalhedd76@twitpic.com,Male,18.109.58.145
260,Hedy,Paling,hpaling77@wix.com,Female,252.113.44.235
261,Barrie,Wissbey,bwissbey78@google.cn,Female,141.123.252.87
262,Pietrek,Thurling,pthurling79@microsoft.com,Male,43.209.145.61
263,Esmaria,Turpin,eturpin7a@ehow.com,Female,103.66.181.175
264,Emerson,Moffatt,emoffatt7b@arizona.edu,Male,223.85.204.9
265,Stoddard,Giacopelo,sgiacopelo7c@cafepress.com,Female,231.40.120.176
266,Graig,Cheal,gcheal7d@ftc.gov,Male,94.161.158.165
267,Carmel,Lacase,clacase7e@cloudflare.com,Female,157.159.33.62
268,Luz,Cray,lcray7f@earthlink.net,Female,129.251.179.22
269,Culley,Lowton,clowton7g@wordpress.org,Male,121.177.211.64
270,Tades,Hirth,thirth7h@census.gov,Male,132.32.23.31
271,Sadella,Tindley,stindley7i@spiegel.de,Female,171.58.227.161
272,Sunshine,Hovel,shovel7j@yahoo.com,Female,53.211.167.40
273,Lemar,Hing,lhing7k@wunderground.com,Male,240.6.88.192
274,Ardine,Bellow,abellow7l@blog.com,Female,153.92.139.101
275,Marabel,Jillions,mjillions7m@slate.com,Female,137.170.178.30
276,Neall,Rotherham,nrotherham7n@webmd.com,Male,75.231.21.160
277,Lennie,Blunt,lblunt7o@amazonaws.com,Male,190.158.186.49
278,Remington,O'Daly,rodaly7p@histats.com,Male,225.122.217.186
279,Garwin,Bindon,gbindon7q@chronoengine.com,Male,119.94.90.232
280,Odetta,Von Helmholtz,ovonhelmholtz7r@gnu.org,Female,241.24.197.240
281,Clarke,Bauldry,cbauldry7s@dedecms.com,Male,209.241.152.171
282,Fidela,Rubel,frubel7t@hugedomains.com,Female,118.127.72.195
283,Tori,Delgardillo,tdelgardillo7u@ftc.gov,Female,122.186.132.97
284,Astrix,Overstreet,aoverstreet7v@netlog.com,Female,66.29.84.22
285,Ebenezer,Baldinotti,ebaldinotti7w@thetimes.co.uk,Male,172.129.139.32
286,Lenora,Cushworth,lcushworth7x@liveinternet.ru,Female,189.99.72.242
287,Pavel,Ickowics,pickowics7y@mail.ru,Male,15.225.249.166
288,Jean,Pessold,jpessold7z@amazon.com,Female,199.73.128.191
289,Kelli,Savins,ksavins80@gov.uk,Female,222.186.219.244
290,Kennith,Berick,kberick81@amazonaws.com,Male,234.94.62.43
291,Boigie,MacCallester,bmaccallester82@topsy.com,Male,68.88.85.82
292,Sari,Ickovitz,sickovitz83@ed.gov,Female,172.94.223.160
293,Glenn,Marks,gmarks84@reference.com,Female,44.106.18.40
294,Rayna,Bierling,rbierling85@vinaora.com,Female,69.70.156.229
295,Joseph,Andrusov,jandrusov86@addtoany.com,Polygender,116.80.110.210
296,Gherardo,Messenger,gmessenger87@japanpost.jp,Male,178.118.70.14
297,Carolan,Dreelan,cdreelan88@huffingtonpost.com,Genderfluid,159.171.61.192
298,Merry,Gentery,mgentery89@va.gov,Female,197.229.50.152
299,Ken,Stickells,kstickells8a@gmpg.org,Male,90.125.196.17
300,Fianna,Lesslie,flesslie8b@typepad.com,Female,34.218.75.251
301,Aguistin,Wreford,awreford8c@tinyurl.com,Male,125.207.54.68
302,Pauly,Simonsson,psimonsson8d@163.com,Male,99.236.14.216
303,Gav,Parmeter,gparmeter8e@spotify.com,Male,71.73.188.117
304,Byran,MacConnulty,bmacconnulty8f@unblog.fr,Male,46.147.135.161
305,Melania,Odam,modam8g@macromedia.com,Female,90.216.17.39
306,Morie,Imlin,mimlin8h@weebly.com,Male,200.252.177.131
307,Albertina,Gother,agother8i@bravesites.com,Female,72.2.232.74
308,Raimondo,Broom,rbroom8j@list-manage.com,Male,139.182.37.108
309,Dante,Dunkley,ddunkley8k@dell.com,Male,33.184.30.194
310,Revkah,Geertje,rgeertje8l@xrea.com,Female,70.187.161.59
311,Fulton,Pomfrey,fpomfrey8m@php.net,Male,227.21.53.220
312,Janot,Berford,jberford8n@techcrunch.com,Female,133.92.59.44
313,Dody,Heijnen,dheijnen8o@themeforest.net,Female,164.183.23.98
314,Cullen,Offner,coffner8p@globo.com,Male,132.195.250.86
315,Halsy,Jenks,hjenks8q@reference.com,Male,3.137.80.251
316,Sidnee,Dunphy,sdunphy8r@liveinternet.ru,Non-binary,74.84.154.173
317,Courtnay,Jaques,cjaques8s@epa.gov,Male,85.138.196.37
318,Wade,Older,wolder8t@un.org,Male,123.217.116.191
319,Perri,Hagergham,phagergham8u@sohu.com,Female,211.195.25.101
320,Vally,Scemp,vscemp8v@yahoo.com,Female,205.252.218.27
321,Tammy,Filipchikov,tfilipchikov8w@sogou.com,Female,120.136.249.23
322,Mildred,Stollwerk,mstollwerk8x@dagondesign.com,Polygender,204.167.80.74
323,Hillier,Tenwick,htenwick8y@barnesandnoble.com,Male,203.52.119.236
324,Kailey,La Grange,klagrange8z@techcrunch.com,Female,14.78.74.156
325,Hurlee,Grigolon,hgrigolon90@feedburner.com,Male,178.49.188.64
326,Granville,Peacher,gpeacher91@google.cn,Male,22.117.83.251
327,Dusty,Gwilliams,dgwilliams92@microsoft.com,Female,31.149.17.166
328,Wendye,Duferie,wduferie93@gmpg.org,Female,252.150.133.28
329,Shanda,Ceely,sceely94@bandcamp.com,Female,62.222.185.151
330,Agustin,Cregeen,acregeen95@mapy.cz,Male,189.217.124.155
331,Hirsch,Harcarse,hharcarse96@hexun.com,Male,69.223.0.41
332,Abbie,Bettleson,abettleson97@bbc.co.uk,Female,97.232.193.188
333,Ragnar,Witton,rwitton98@artisteer.com,Male,241.192.34.196
334,Loise,Audsley,laudsley99@china.com.cn,Female,229.195.179.171
335,Pattin,Gawith,pgawith9a@themeforest.net,Male,206.47.239.131
336,Bard,Mulles,bmulles9b@creativecommons.org,Male,209.130.180.48
337,Vivi,Pouton,vpouton9c@networksolutions.com,Bigender,80.123.235.157
338,Gunner,Frean,gfrean9d@china.com.cn,Male,215.127.175.24
339,Nathanial,Narramore,nnarramore9e@lycos.com,Non-binary,234.80.65.6
340,Karin,Taffrey,ktaffrey9f@yahoo.com,Female,153.159.225.0
341,Maynard,Cescon,mcescon9g@storify.com,Male,34.151.130.51
342,Rikki,Blakeley,rblakeley9h@cdc.gov,Female,254.153.50.105
343,Anna-diane,Tommeo,atommeo9i@spiegel.de,Genderqueer,16.142.225.28
344,Christie,Mustill,cmustill9j@ifeng.com,Female,232.8.18.65
345,Vince,Fazakerley,vfazakerley9k@symantec.com,Male,2.22.86.145
346,Everett,Siegertsz,esiegertsz9l@columbia.edu,Male,225.159.142.131
347,Eryn,Boyall,eboyall9m@ed.gov,Female,35.16.116.181
348,Pascale,Meriel,pmeriel9n@nhs.uk,Male,186.173.174.63
349,Uriel,Matteuzzi,umatteuzzi9o@skype.com,Male,155.45.125.40
350,Melitta,Aleshkov,maleshkov9p@paypal.com,Female,139.97.49.237
351,Charlie,Spratling,cspratling9q@livejournal.com,Male,29.245.137.150
352,Ignatius,Claisse,iclaisse9r@rakuten.co.jp,Polygender,186.44.196.169
353,Gavra,Leigh,gleigh9s@merriam-webster.com,Female,11.41.205.20
354,Lotta,Gallandre,lgallandre9t@guardian.co.uk,Polygender,146.225.39.138
355,Brianne,Noore,bnoore9u@statcounter.com,Female,116.117.180.218
356,Jeralee,Tremain,jtremain9v@yahoo.co.jp,Non-binary,34.39.126.106
357,Pietro,Miskelly,pmiskelly9w@ezinearticles.com,Male,201.226.221.225
358,Doralynn,Dollin,ddollin9x@cbsnews.com,Female,189.64.233.71
359,Riordan,Goudy,rgoudy9y@cmu.edu,Male,147.67.176.61
360,Abagail,Ivanovic,aivanovic9z@reuters.com,Female,131.235.65.203
361,Curr,Darrell,cdarrella0@webeden.co.uk,Male,97.50.78.69
362,Sileas,Filppetti,sfilppettia1@nifty.com,Female,55.93.59.166
363,Gay,Spurden,gspurdena2@symantec.com,Female,208.173.52.121
364,Kaitlyn,Caselick,kcaselicka3@nytimes.com,Female,15.172.147.176
365,Cece,Searchwell,csearchwella4@comcast.net,Male,138.189.241.0
366,Dana,Reese,dreesea5@blogtalkradio.com,Male,94.111.103.209
367,Inesita,Steiner,isteinera6@hud.gov,Female,186.241.196.160
368,Jamison,Murden,jmurdena7@storify.com,Non-binary,212.248.71.86
369,Jewel,Marnane,jmarnanea8@naver.com,Female,190.205.245.215
370,Humfrey,Methley,hmethleya9@newyorker.com,Male,172.112.217.59
371,Alissa,Osborn,aosbornaa@yahoo.co.jp,Female,111.231.237.103
372,David,Leipoldt,dleipoldtab@youtu.be,Male,248.136.213.91
373,Goldie,Mulroy,gmulroyac@blinklist.com,Genderfluid,234.181.136.211
374,Laurie,Tonsley,ltonsleyad@blog.com,Female,3.210.217.156
375,Guendolen,Darrington,gdarringtonae@ft.com,Female,218.23.172.30
376,Aube,Bonifazio,abonifazioaf@baidu.com,Male,126.101.108.59
377,Gerik,MacCracken,gmaccrackenag@google.de,Male,7.114.54.63
378,Sutton,Rylatt,srylattah@umich.edu,Polygender,124.208.191.47
379,Matthew,Ruxton,mruxtonai@cornell.edu,Male,178.99.179.15
380,Webster,Jennings,wjenningsaj@pagesperso-orange.fr,Male,142.22.89.182
381,Nicolais,Kesby,nkesbyak@columbia.edu,Male,164.203.125.100
382,Bernete,Maddox,bmaddoxal@squarespace.com,Female,97.242.38.83
383,Lynna,Cecely,lcecelyam@multiply.com,Female,241.39.7.58
384,Luise,Woodwing,lwoodwingan@twitter.com,Genderfluid,240.212.242.158
385,Ynes,Itzchaki,yitzchakiao@amazon.com,Non-binary,247.189.220.223
386,Carrie,Erington,ceringtonap@de.vu,Female,55.236.105.167
387,Concettina,Chate,cchateaq@posterous.com,Female,63.118.192.243
388,Teresita,Udale,tudalear@example.com,Non-binary,148.36.240.133
389,Susie,Whiff,swhiffas@cnet.com,Female,109.74.203.128
390,Jeannine,Scneider,jscneiderat@delicious.com,Genderfluid,210.68.156.166
391,Edwina,Havick,ehavickau@baidu.com,Female,170.131.180.100
392,Giff,Biggar,gbiggarav@usgs.gov,Male,201.241.81.168
393,Maxie,Moultrie,mmoultrieaw@technorati.com,Male,184.90.40.82
394,Gualterio,Larmor,glarmorax@shinystat.com,Agender,110.48.10.142
395,Travis,Sercombe,tsercombeay@arstechnica.com,Male,195.3.66.194
396,Lacee,Corder,lcorderaz@cornell.edu,Female,179.65.83.66
397,Archaimbaud,Hammerstone,ahammerstoneb0@cdbaby.com,Male,103.104.210.120
398,Molli,Dyzart,mdyzartb1@paginegialle.it,Female,95.235.233.228
399,Billi,Trappe,btrappeb2@wunderground.com,Female,152.234.181.91
400,Franky,Doggett,fdoggettb3@house.gov,Female,185.220.52.220
401,Grove,Mistry,gmistryb4@mozilla.org,Male,231.104.252.120
402,Janeen,Gai,jgaib5@bluehost.com,Female,92.207.29.96
403,Marv,Springham,mspringhamb6@webeden.co.uk,Male,1.193.95.126
404,Orella,Sanford,osanfordb7@fastcompany.com,Female,109.104.224.71
405,Camila,Burgwin,cburgwinb8@chronoengine.com,Agender,152.33.47.11
406,Codee,Constantinou,cconstantinoub9@google.fr,Female,198.96.27.249
407,Barthel,Greyes,bgreyesba@illinois.edu,Non-binary,9.143.223.255
408,Saraann,Rutherforth,srutherforthbb@angelfire.com,Female,60.80.159.94
409,Allen,Longrigg,alongriggbc@unblog.fr,Male,17.54.134.39
410,Cyndy,Hedau,chedaubd@canalblog.com,Female,109.87.233.24
411,Etan,Bagworth,ebagworthbe@wordpress.com,Male,177.194.143.104
412,Willard,Pickford,wpickfordbf@sogou.com,Male,165.18.234.122
413,Levi,Blackster,lblacksterbg@canalblog.com,Male,5.124.83.112
414,Nicolais,Raisher,nraisherbh@technorati.com,Male,162.206.254.1
415,Waylan,Asman,wasmanbi@dion.ne.jp,Male,196.221.41.210
416,Rosa,Hancke,rhanckebj@nps.gov,Female,114.9.247.10
417,Casey,Gocher,cgocherbk@t.co,Male,151.230.76.218
418,Sylvan,Stonuary,sstonuarybl@issuu.com,Male,61.157.33.118
419,Archer,Jeffels,ajeffelsbm@ft.com,Male,140.249.97.160
420,Rudyard,Phoenix,rphoenixbn@loc.gov,Male,11.116.137.242
421,Jeff,Portigall,jportigallbo@exblog.jp,Male,115.90.171.60
422,Pascal,O'Sullivan,posullivanbp@ucoz.com,Male,81.91.117.99
423,Aldo,Rawstorne,arawstornebq@cocolog-nifty.com,Male,161.196.184.107
424,Gannon,Haythornthwaite,ghaythornthwaitebr@amazon.com,Male,54.91.66.47
425,Freddy,Darling,fdarlingbs@domainmarket.com,Male,21.144.243.1
426,Anya,Mattys,amattysbt@sphinn.com,Female,18.138.92.62
427,Demetre,Swynfen,dswynfenbu@berkeley.edu,Male,243.132.147.224
428,Willow,Woolfall,wwoolfallbv@mail.ru,Female,10.26.50.249
429,Haywood,Habbijam,hhabbijambw@eventbrite.com,Male,68.126.140.44
430,Malachi,Lehon,mlehonbx@newyorker.com,Male,39.203.151.208
431,Olwen,Chestnut,ochestnutby@so-net.ne.jp,Female,94.147.40.222
432,Faith,Faragan,ffaraganbz@cargocollective.com,Polygender,81.180.225.204
433,Berti,Bowcock,bbowcockc0@flickr.com,Bigender,86.121.233.226
434,Sheree,Diamond,sdiamondc1@army.mil,Female,245.176.27.100
435,Berny,Leile,bleilec2@hostgator.com,Male,247.18.210.6
436,Agna,Filippozzi,afilippozzic3@flickr.com,Female,205.9.239.19
437,Leonidas,Mariel,lmarielc4@shinystat.com,Male,235.177.151.2
438,Hermia,Hugett,hhugettc5@msu.edu,Female,208.221.80.150
439,Brenn,Forsdicke,bforsdickec6@infoseek.co.jp,Female,44.89.180.101
440,Bernadette,Simeoni,bsimeonic7@php.net,Female,79.253.0.204
441,Dede,Arbor,darborc8@hugedomains.com,Female,43.105.95.46
442,Sybil,Tarburn,starburnc9@fotki.com,Female,213.71.56.182
443,Bevon,Rawstron,brawstronca@networkadvertising.org,Male,126.154.167.173
444,Drusilla,Duffett,dduffettcb@about.com,Female,7.2.173.106
445,Nowell,Tirte,ntirtecc@freewebs.com,Male,135.92.19.203
446,Chicky,Brigstock,cbrigstockcd@google.es,Female,62.81.109.103
447,Nathanial,Slaughter,nslaughterce@dailymotion.com,Male,17.124.197.142
448,Mendy,Normanvill,mnormanvillcf@amazon.com,Male,142.2.130.147
449,Karlik,Kensy,kkensycg@utexas.edu,Male,253.221.126.44
450,Reinhold,Botten,rbottench@bloomberg.com,Male,166.42.227.140
451,Letty,Weedon,lweedonci@t.co,Genderfluid,105.251.53.224
452,Iorgo,Hallbird,ihallbirdcj@kickstarter.com,Male,83.255.65.87
453,Burr,Ditch,bditchck@gnu.org,Male,195.26.132.109
454,Natale,Seman,nsemancl@huffingtonpost.com,Male,9.141.114.88
455,Nappie,Kingsbury,nkingsburycm@tmall.com,Male,14.39.209.113
456,Nicola,Trathen,ntrathencn@nyu.edu,Female,158.33.228.56
457,Aharon,Bampfield,abampfieldco@sfgate.com,Male,171.65.62.196
458,Klarika,Leban,klebancp@virginia.edu,Female,65.10.184.255
459,Kaine,Kerrane,kkerranecq@phpbb.com,Male,176.21.234.77
460,Julia,Manifold,jmanifoldcr@sphinn.com,Female,145.51.220.26
461,Roz,Galfour,rgalfourcs@hao123.com,Female,122.0.15.155
462,Hubert,Battie,hbattiect@smh.com.au,Male,100.129.60.18
463,Eilis,Gaggen,egaggencu@japanpost.jp,Female,236.141.145.80
464,Dora,Skerratt,dskerrattcv@forbes.com,Female,165.204.56.137
465,Manon,Empson,mempsoncw@tripadvisor.com,Female,214.99.12.61
466,Cherey,Steutly,csteutlycx@ustream.tv,Female,251.75.169.143
467,Kaitlyn,Mortell,kmortellcy@vinaora.com,Female,181.69.86.169
468,Silvester,Sunshine,ssunshinecz@quantcast.com,Male,185.17.154.89
469,Elvin,Lanning,elanningd0@wsj.com,Male,58.103.236.111
470,Evelin,Sermin,esermind1@joomla.org,Male,59.240.114.85
471,Lay,Epdell,lepdelld2@phoca.cz,Male,110.137.250.246
472,Alejandro,Andreev,aandreevd3@odnoklassniki.ru,Male,32.70.229.21
473,Magnum,Geake,mgeaked4@yahoo.com,Male,104.71.162.229
474,Glendon,Quillinane,gquillinaned5@mozilla.org,Male,215.12.206.11
475,Tarrah,Pine,tpined6@theglobeandmail.com,Female,109.15.12.243
476,Anna-diana,Swannie,aswannied7@trellian.com,Female,173.232.249.236
477,Koenraad,Tibols,ktibolsd8@squidoo.com,Male,125.41.114.179
478,Jonah,Skippings,jskippingsd9@oracle.com,Male,86.60.48.59
479,Olivier,Leafe,oleafeda@princeton.edu,Male,87.228.62.75
480,Danita,Sleightholme,dsleightholmedb@thetimes.co.uk,Female,40.83.168.199
481,Malcolm,Waistell,mwaistelldc@moonfruit.com,Male,166.3.117.220
482,Wendie,Dunklee,wdunkleedd@furl.net,Female,59.143.80.52
483,Sibyl,Eves,sevesde@ibm.com,Male,64.117.1.81
484,Kleon,Wasiela,kwasieladf@paypal.com,Male,237.25.90.181
485,Bert,Willmott,bwillmottdg@independent.co.uk,Male,74.113.104.246
486,Orion,Sallows,osallowsdh@bigcartel.com,Male,82.255.173.156
487,Arley,O'Fogerty,aofogertydi@wordpress.org,Male,82.242.224.88
488,Kingsly,Jewar,kjewardj@sohu.com,Male,229.50.164.67
489,Kai,Stapleford,kstapleforddk@qq.com,Female,51.4.47.48
490,Thaine,Weld,twelddl@elpais.com,Male,47.31.54.123
491,Madlen,Buttle,mbuttledm@cloudflare.com,Female,245.173.69.198
492,Minnnie,Culverhouse,mculverhousedn@japanpost.jp,Female,227.91.128.251
493,Leonid,Jandel,ljandeldo@admin.ch,Male,36.98.87.53
494,Kathy,Forsey,kforseydp@uol.com.br,Female,105.32.248.218
495,Shurlocke,Coursor,scoursordq@lulu.com,Male,145.33.25.253
496,Francklyn,Absalom,fabsalomdr@sina.com.cn,Male,41.160.195.92
497,Sheppard,Shank,sshankds@rambler.ru,Male,41.146.135.140
498,Danette,Yegorev,dyegorevdt@geocities.jp,Female,110.61.7.2
499,Olivero,Blacklawe,oblacklawedu@google.ru,Male,6.163.142.77
500,Rudy,Gullefant,rgullefantdv@nydailynews.com,Male,22.224.176.34
501,Cherilynn,Haining,chainingdw@slideshare.net,Female,38.194.175.108
502,Merrill,Tremollet,mtremolletdx@nasa.gov,Female,61.157.142.250
503,Kate,Ivell,kivelldy@hao123.com,Female,153.112.39.182
504,Darrick,Kiehl,dkiehldz@tripod.com,Male,138.207.207.144
505,Mitchell,Bruun,mbruune0@google.ca,Male,71.33.111.116
506,Leroy,Horrod,lhorrode1@myspace.com,Male,192.52.89.135
507,Nestor,Gooda,ngoodae2@joomla.org,Male,159.165.49.216
508,Gram,Gillease,ggilleasee3@gravatar.com,Male,208.59.203.251
509,Cristin,Tuhy,ctuhye4@opera.com,Female,122.57.136.98
510,Kaila,Iianon,kiianone5@mysql.com,Female,96.204.42.14
511,Davine,Hudson,dhudsone6@nsw.gov.au,Female,236.141.152.166
512,Lucretia,Feveryear,lfeveryeare7@arizona.edu,Female,56.98.44.48
513,Nedda,Grayling,ngraylinge8@quantcast.com,Genderfluid,175.178.111.79
514,Lucio,Grisdale,lgrisdalee9@mapquest.com,Genderfluid,8.252.141.234
515,Cassondra,O'Kinedy,cokinedyea@utexas.edu,Genderfluid,107.153.69.210
516,Tadio,Mellsop,tmellsopeb@toplist.cz,Male,66.79.13.80
517,Veronique,Rainbird,vrainbirdec@vistaprint.com,Agender,237.64.94.69
518,Lowell,Dourin,ldourined@amazon.com,Male,214.48.36.73
519,Merle,Benaine,mbenaineee@zimbio.com,Male,5.240.17.191
520,Holli,Stearn,hstearnef@photobucket.com,Female,224.20.211.207
521,Walliw,Briscam,wbriscameg@dailymotion.com,Agender,124.3.64.238
522,Minnie,Blackmoor,mblackmooreh@ucoz.ru,Female,9.193.97.57
523,Barron,Terzo,bterzoei@etsy.com,Male,149.31.109.144
524,Yolane,Coulthurst,ycoulthurstej@disqus.com,Female,43.192.93.177
525,Korrie,Pietruszka,kpietruszkaek@seattletimes.com,Female,187.173.189.218
526,Marion,Aymer,maymerel@ask.com,Male,103.52.16.190
527,Arlena,Tucknutt,atucknuttem@intel.com,Female,156.153.119.9
528,Joscelin,Kidder,jkidderen@dailymail.co.uk,Female,243.80.45.72
529,Sholom,Oles,soleseo@redcross.org,Male,86.221.55.226
530,Yuma,Kelbie,ykelbieep@printfriendly.com,Male,68.203.34.2
531,Ambros,Tunsley,atunsleyeq@1und1.de,Male,153.244.75.164
532,Carly,Alflat,calflater@t.co,Female,253.148.157.72
533,Bengt,Danilishin,bdanilishines@etsy.com,Male,74.191.6.247
534,Aubrette,Spafford,aspaffordet@odnoklassniki.ru,Female,158.124.226.177
535,Francklyn,Dodshun,fdodshuneu@ovh.net,Male,53.74.38.103
536,Adamo,Menpes,amenpesev@vkontakte.ru,Male,41.127.136.37
537,Holden,Coursor,hcoursorew@msu.edu,Male,77.238.42.186
538,Bink,Strowther,bstrowtherex@indiegogo.com,Male,152.207.20.119
539,Rozele,Beaulieu,rbeaulieuey@illinois.edu,Female,79.174.86.11
540,Harriett,Elphinston,helphinstonez@bizjournals.com,Female,115.200.18.118
541,Kiel,Brundall,kbrundallf0@biblegateway.com,Male,223.8.179.190
542,Nico,Zorzutti,nzorzuttif1@skype.com,Male,119.196.11.199
543,Nicky,Fear,nfearf2@google.de,Male,215.191.204.41
544,Skelly,Sparsholt,ssparsholtf3@squarespace.com,Male,102.39.128.161
545,Lonnie,Chyuerton,lchyuertonf4@webnode.com,Male,66.88.126.7
546,Hunt,Chudleigh,hchudleighf5@aol.com,Genderfluid,0.65.168.41
547,Nil,Alexandre,nalexandref6@adobe.com,Male,36.59.180.43
548,Dru,Thurby,dthurbyf7@homestead.com,Male,159.249.237.133
549,Shina,Drury,sdruryf8@mac.com,Female,113.166.44.233
550,Tann,McKenna,tmckennaf9@cbslocal.com,Male,117.21.230.239
551,Saxe,Cartmel,scartmelfa@flickr.com,Male,186.252.51.176
552,Ailey,Mulkerrins,amulkerrinsfb@cbsnews.com,Female,111.176.196.162
553,Cami,Deplacido,cdeplacidofc@opera.com,Female,230.225.189.193
554,Curry,Greenroyd,cgreenroydfd@123-reg.co.uk,Male,45.58.100.185
555,Sharon,Sanderson,ssandersonfe@bing.com,Female,54.203.46.74
556,Lyndell,Allatt,lallattff@wisc.edu,Female,32.49.149.213
557,Morris,Saylor,msaylorfg@examiner.com,Male,186.220.121.173
558,Bobbie,Bosenworth,bbosenworthfh@zimbio.com,Female,164.199.53.169
559,Katleen,Dinwoodie,kdinwoodiefi@ameblo.jp,Agender,163.184.26.39
560,Fayre,Wilflinger,fwilflingerfj@unicef.org,Female,53.16.125.4
561,Elle,McKeevers,emckeeversfk@berkeley.edu,Agender,176.127.3.205
562,Estella,Manketell,emanketellfl@histats.com,Female,157.6.97.206
563,Nicolas,Mearing,nmearingfm@wikispaces.com,Bigender,17.136.107.218
564,Sallyanne,Piwall,spiwallfn@mozilla.org,Genderqueer,1.99.1.87
565,Rinaldo,Scopyn,rscopynfo@aol.com,Male,1.33.152.140
566,Delmore,Skypp,dskyppfp@paypal.com,Male,117.17.152.78
567,Alden,Soars,asoarsfq@ovh.net,Male,233.63.39.82
568,Jaquith,Samples,jsamplesfr@sogou.com,Female,205.88.203.161
569,Gunther,Orpwood,gorpwoodfs@canalblog.com,Male,136.3.20.209
570,Janith,O'Connolly,joconnollyft@yolasite.com,Female,95.179.180.86
571,Elia,Leheude,eleheudefu@multiply.com,Male,147.170.180.134
572,Carma,Hugh,chughfv@independent.co.uk,Female,144.207.218.1
573,Graig,Wedge,gwedgefw@wufoo.com,Male,4.247.190.189
574,Natalie,Firbank,nfirbankfx@nasa.gov,Female,142.179.20.170
575,Axe,Kohneke,akohnekefy@bizjournals.com,Male,107.140.66.113
576,Dukie,Keneforde,dkenefordefz@cargocollective.com,Male,165.252.82.5
577,Nari,Buddle,nbuddleg0@discuz.net,Female,8.106.166.195
578,Babb,Swepson,bswepsong1@nydailynews.com,Female,141.227.151.115
579,Ahmad,Spellard,aspellardg2@google.fr,Male,120.46.66.168
580,Gerard,Mildmott,gmildmottg3@ihg.com,Male,129.91.3.17
581,Marietta,Everal,meveralg4@pinterest.com,Male,110.226.198.23
582,Prue,Siebart,psiebartg5@engadget.com,Female,111.137.75.120
583,Allissa,D'Aguanno,adaguannog6@mac.com,Female,110.233.114.20
584,Kynthia,O'Keenan,kokeenang7@irs.gov,Female,118.48.227.35
585,Fawn,Filasov,ffilasovg8@google.com.hk,Female,81.234.188.56
586,Natale,Dries,ndriesg9@about.me,Male,80.28.36.30
587,Melony,Honisch,mhonischga@webs.com,Agender,205.230.206.47
588,Seline,Mayworth,smayworthgb@marketwatch.com,Genderfluid,5.187.118.166
589,Thacher,Laundon,tlaundongc@ca.gov,Male,26.195.71.253
590,Eldin,Benjafield,ebenjafieldgd@dion.ne.jp,Male,244.178.255.220
591,Belinda,Gladdin,bgladdinge@nasa.gov,Female,145.51.39.115
592,Clevie,Jerzycowski,cjerzycowskigf@elegantthemes.com,Male,236.198.145.137
593,Stanleigh,Robertot,srobertotgg@army.mil,Male,241.13.50.95
594,Shannon,Blouet,sblouetgh@sun.com,Non-binary,189.58.66.163
595,Skip,Decent,sdecentgi@sphinn.com,Male,150.100.109.218
596,Tuesday,Forrington,tforringtongj@economist.com,Female,55.208.164.176
597,Stacee,Preator,spreatorgk@gnu.org,Genderqueer,225.95.72.199
598,Sydel,Barnsley,sbarnsleygl@netscape.com,Female,0.23.104.112
599,Silvano,Witcherley,switcherleygm@delicious.com,Male,8.24.150.225
600,Aldus,Ornelas,aornelasgn@cnn.com,Male,10.48.102.248
601,Vernen,Langthorne,vlangthornego@smugmug.com,Male,85.25.245.108
602,Aura,Tubritt,atubrittgp@wisc.edu,Female,101.181.232.30
603,Claiborne,Craik,ccraikgq@state.gov,Male,217.90.174.83
604,Shanna,Howe,showegr@blogtalkradio.com,Female,85.211.135.253
605,Ann,Mackrill,amackrillgs@state.gov,Female,180.188.115.169
606,Patricio,Dickerline,pdickerlinegt@slideshare.net,Male,160.13.215.171
607,Beryl,Varne,bvarnegu@macromedia.com,Female,51.168.87.17
608,Amil,Geale,agealegv@desdev.cn,Female,189.132.21.0
609,Christie,Portch,cportchgw@arstechnica.com,Male,38.200.30.232
610,Oberon,Peiser,opeisergx@nps.gov,Male,86.202.50.136
611,Banky,Cona,bconagy@comcast.net,Genderfluid,44.159.166.25
612,Kristine,Bloxholm,kbloxholmgz@macromedia.com,Female,233.151.90.23
613,Caril,Gusney,cgusneyh0@ning.com,Agender,197.101.199.241
614,Joyann,Treagus,jtreagush1@digg.com,Female,170.131.112.53
615,Clarey,Couling,ccoulingh2@seattletimes.com,Female,92.187.164.112
616,Nickie,Carus,ncarush3@acquirethisname.com,Male,109.212.148.155
617,Chloe,Giveen,cgiveenh4@rambler.ru,Female,139.198.51.109
618,Sandy,Elland,sellandh5@spiegel.de,Female,111.60.81.14
619,Clayborn,Merida,cmeridah6@merriam-webster.com,Male,48.41.82.51
620,Bearnard,Crucitti,bcrucittih7@hexun.com,Male,67.166.122.10
621,Winna,Beddis,wbeddish8@360.cn,Female,100.111.139.153
622,Aliza,Keyse,akeyseh9@blogspot.com,Female,158.51.232.1
623,Jory,Oxe,joxeha@odnoklassniki.ru,Male,220.178.15.143
624,Alex,Rowberry,arowberryhb@mysql.com,Male,162.75.23.136
625,Peder,O'Leagham,poleaghamhc@narod.ru,Male,234.255.193.104
626,Zuzana,Sprowson,zsprowsonhd@shareasale.com,Female,214.44.142.195
627,Blisse,Otto,bottohe@feedburner.com,Female,106.126.211.31
628,Kristoforo,Southam,ksouthamhf@ucoz.ru,Male,26.54.235.170
629,Herve,Pallin,hpallinhg@rediff.com,Male,55.74.138.21
630,Luca,Vaen,lvaenhh@fc2.com,Male,7.179.33.29
631,Phillipp,Courtier,pcourtierhi@amazon.co.uk,Non-binary,191.144.147.91
632,West,Cardus,wcardushj@netlog.com,Genderfluid,102.28.217.218
633,Eilis,Prime,eprimehk@redcross.org,Female,194.145.162.49
634,Agathe,Rameau,arameauhl@ox.ac.uk,Female,80.120.229.88
635,Ailee,Craisford,acraisfordhm@home.pl,Female,164.74.88.47
636,Ranna,Gimson,rgimsonhn@stumbleupon.com,Female,211.219.181.209
637,Jacquenetta,Mowlam,jmowlamho@go.com,Female,158.240.167.223
638,Tamara,Scales,tscaleshp@ustream.tv,Female,32.231.71.36
639,Bancroft,Sidworth,bsidworthhq@columbia.edu,Male,37.160.219.168
640,Vikky,Kenningley,vkenningleyhr@economist.com,Female,140.118.195.207
641,Jacques,Callar,jcallarhs@sina.com.cn,Male,189.143.63.201
642,Filberto,Jallin,fjallinht@auda.org.au,Male,177.58.70.68
643,Darleen,Wyss,dwysshu@facebook.com,Female,173.28.107.129
644,Benedicto,Royall,broyallhv@elegantthemes.com,Male,102.156.178.219
645,Hersch,Rivelon,hrivelonhw@tinyurl.com,Male,12.79.73.45
646,Garik,Kardos,gkardoshx@posterous.com,Male,118.239.171.155
647,Dionysus,Feeny,dfeenyhy@e-recht24.de,Bigender,155.155.2.151
648,Pippo,Sermin,pserminhz@t.co,Male,76.84.23.36
649,Elaine,Woollaston,ewoollastoni0@netscape.com,Female,99.124.28.245
650,Madelena,Suthren,msuthreni1@omniture.com,Polygender,81.153.206.133
651,Avrom,Di Biagi,adibiagii2@amazon.co.uk,Male,74.112.226.191
652,Consalve,Reddlesden,creddlesdeni3@gravatar.com,Male,61.62.78.52
653,Hewett,Lymer,hlymeri4@nsw.gov.au,Male,107.145.128.149
654,Cecile,McInteer,cmcinteeri5@java.com,Female,66.80.70.90
655,Seward,Caudell,scaudelli6@typepad.com,Bigender,199.178.211.112
656,Muffin,Skelton,mskeltoni7@state.gov,Male,58.17.128.244
657,Hakim,Pickersgill,hpickersgilli8@t.co,Genderqueer,253.186.43.155
658,Ches,Tander,ctanderi9@microsoft.com,Male,254.80.44.101
659,Erhard,Manzell,emanzellia@sphinn.com,Male,164.47.4.58
660,Tammie,Baake,tbaakeib@google.ru,Genderfluid,144.249.206.140
661,Penn,MacGilfoyle,pmacgilfoyleic@dedecms.com,Male,21.8.155.129
662,Kori,Ettery,ketteryid@angelfire.com,Female,99.188.143.92
663,Carmelle,Clavey,cclaveyie@npr.org,Female,128.133.104.234
664,Al,Tregust,atregustif@howstuffworks.com,Male,200.103.99.5
665,Moselle,Defond,mdefondig@creativecommons.org,Female,239.208.202.22
666,Barton,Parysiak,bparysiakih@china.com.cn,Male,130.113.135.61
667,Laure,Boldry,lboldryii@sciencedaily.com,Female,244.216.211.101
668,Putnem,Cleminson,pcleminsonij@imgur.com,Male,102.12.31.83
669,Marchelle,Leebetter,mleebetterik@pcworld.com,Female,26.199.197.126
670,Cathrin,Stackbridge,cstackbridgeil@about.com,Female,32.230.155.173
671,Ralf,Pirot,rpirotim@msu.edu,Male,192.254.78.192
672,Madlin,Hartless,mhartlessin@networkadvertising.org,Female,172.131.223.115
673,Sollie,Levey,sleveyio@europa.eu,Polygender,95.124.180.3
674,Nonah,Stansbury,nstansburyip@tuttocitta.it,Female,75.200.82.15
675,Roze,Heck,rheckiq@admin.ch,Bigender,187.53.64.138
676,Nappie,Fenge,nfengeir@spiegel.de,Male,200.205.113.154
677,Craggy,Ranken,crankenis@tmall.com,Male,4.93.158.126
678,Zelda,Blackstock,zblackstockit@mit.edu,Female,141.140.180.132
679,Leigh,Goulden,lgouldeniu@fotki.com,Non-binary,133.7.251.143
680,Blondell,Munnion,bmunnioniv@opensource.org,Female,86.148.46.70
681,Inna,Botterill,ibotterilliw@shareasale.com,Female,132.162.119.15
682,Jesus,Wildblood,jwildbloodix@php.net,Male,51.191.228.98
683,Greg,MacSherry,gmacsherryiy@infoseek.co.jp,Male,246.230.227.73
684,Rollie,Rabl,rrabliz@army.mil,Male,229.227.65.54
685,Jereme,Kippax,jkippaxj0@nyu.edu,Male,181.132.1.205
686,Ada,Morsom,amorsomj1@independent.co.uk,Female,143.193.87.136
687,Antonio,Stuffins,astuffinsj2@google.pl,Male,77.129.222.84
688,Melloney,Dellar,mdellarj3@aboutads.info,Female,214.66.181.182
689,Rad,Petch,rpetchj4@creativecommons.org,Male,92.28.102.126
690,Dunn,Coughtrey,dcoughtreyj5@sohu.com,Male,2.157.78.249
691,Wynn,Plenderleith,wplenderleithj6@nytimes.com,Male,13.222.214.128
692,Lloyd,Grace,lgracej7@dailymail.co.uk,Male,24.10.89.197
693,Gilly,Consterdine,gconsterdinej8@chronoengine.com,Polygender,129.207.21.138
694,Andree,Spaight,aspaightj9@house.gov,Female,115.34.55.131
695,Letti,Corday,lcordayja@bizjournals.com,Female,158.212.53.153
696,Leigha,Bantham,lbanthamjb@addthis.com,Polygender,250.159.140.154
697,Cyrillus,Coltherd,ccoltherdjc@dedecms.com,Male,157.237.201.221
698,Gardie,Pedwell,gpedwelljd@huffingtonpost.com,Male,64.233.91.63
699,Barbette,Skellen,bskellenje@webs.com,Female,248.25.96.13
700,Evangeline,Pyffe,epyffejf@cbc.ca,Female,242.128.5.253
701,Joice,Easman,jeasmanjg@unblog.fr,Female,193.165.193.31
702,Marrissa,Hoyt,mhoytjh@senate.gov,Polygender,110.145.92.167
703,Howard,Cummings,hcummingsji@spiegel.de,Male,147.42.81.96
704,Cam,Tofful,ctoffuljj@artisteer.com,Male,239.72.139.235
705,Janka,Fells,jfellsjk@bigcartel.com,Female,102.18.140.122
706,Othello,Morde,omordejl@ebay.co.uk,Male,134.163.69.40
707,Jessica,Arenson,jarensonjm@webs.com,Female,90.108.124.134
708,Janetta,Lippingwell,jlippingwelljn@ehow.com,Female,178.31.247.202
709,Julianne,Nise,jnisejo@google.fr,Female,41.191.220.131
710,Venus,McAughtrie,vmcaughtriejp@delicious.com,Female,1.21.225.35
711,Benyamin,Renehan,brenehanjq@xrea.com,Male,165.19.86.171
712,Sheilah,Ketteridge,sketteridgejr@cbslocal.com,Female,62.117.212.235
713,Tobe,Jore,tjorejs@netvibes.com,Female,85.187.45.109
714,Tiphani,Fillis,tfillisjt@admin.ch,Female,187.73.187.196
715,Derek,Lanphier,dlanphierju@cyberchimps.com,Male,165.241.235.4
716,Binny,Somner,bsomnerjv@google.com.hk,Female,201.83.192.49
717,Corliss,Lackey,clackeyjw@g.co,Female,216.61.123.28
718,Doug,Ceaplen,dceaplenjx@google.de,Male,253.20.242.112
719,Hardy,Glazer,hglazerjy@jugem.jp,Male,202.246.209.135
720,Mikaela,Eixenberger,meixenbergerjz@intel.com,Female,95.228.167.249
721,Rosemary,Arnout,rarnoutk0@paginegialle.it,Polygender,7.124.186.155
722,Meta,Josephov,mjosephovk1@eventbrite.com,Female,10.197.250.201
723,Jamesy,Smittoune,jsmittounek2@facebook.com,Male,116.215.123.8
724,Lock,Scrivinor,lscrivinork3@cnet.com,Male,80.83.80.133
725,Daisey,Larvent,dlarventk4@histats.com,Female,15.212.25.95
726,Tan,McTurlough,tmcturloughk5@google.com.br,Male,96.24.103.98
727,Rozella,Barthelme,rbarthelmek6@timesonline.co.uk,Female,219.103.67.231
728,Veronike,Hansberry,vhansberryk7@irs.gov,Female,68.224.114.13
729,Fairleigh,Safell,fsafellk8@nature.com,Male,28.148.244.27
730,Latrina,Elsey,lelseyk9@seesaa.net,Female,223.205.52.138
731,Alfons,Solan,asolanka@independent.co.uk,Male,239.51.78.94
732,Tobin,Attard,tattardkb@purevolume.com,Male,232.1.218.131
733,Dyanna,Zoanetti,dzoanettikc@indiegogo.com,Female,177.192.111.122
734,Willy,Grealy,wgrealykd@gizmodo.com,Male,255.66.97.227
735,Aldous,Wraighte,awraighteke@shutterfly.com,Male,129.201.143.158
736,Morgan,O' Timony,motimonykf@ask.com,Male,189.62.29.117
737,Debora,McPolin,dmcpolinkg@walmart.com,Female,54.238.5.47
738,Robers,Trighton,rtrightonkh@jimdo.com,Male,157.60.210.0
739,Teodor,Stoven,tstovenki@domainmarket.com,Male,162.75.216.210
740,Odelia,Siebert,osiebertkj@youtu.be,Female,164.172.66.137
741,Zebulen,Wike,zwikekk@shop-pro.jp,Male,37.63.247.159
742,Wash,Borthram,wborthramkl@ycombinator.com,Male,217.97.89.48
743,Terrye,Really,treallykm@aol.com,Female,160.222.139.200
744,Aloysia,Corby,acorbykn@mayoclinic.com,Female,90.152.233.105
745,Dell,Enochsson,denochssonko@ebay.com,Male,81.49.244.35
746,Lucie,Revie,lreviekp@posterous.com,Female,132.148.109.21
747,Simonette,Hudson,shudsonkq@godaddy.com,Female,19.208.131.170
748,Darya,Andrat,dandratkr@istockphoto.com,Female,172.59.60.224
749,Evey,Mauro,emauroks@opensource.org,Female,67.194.221.172
750,Livvy,Durnford,ldurnfordkt@technorati.com,Female,108.236.20.128
751,Richart,Ellwood,rellwoodku@baidu.com,Male,147.155.155.176
752,Adriano,Moorman,amoormankv@purevolume.com,Male,91.1.52.183
753,Lolly,Hurlin,lhurlinkw@sourceforge.net,Female,95.194.35.138
754,Erny,Duny,edunykx@sfgate.com,Male,65.57.90.185
755,Arlen,Egel,aegelky@posterous.com,Male,83.174.180.208
756,Leisha,Gravey,lgraveykz@ebay.com,Female,31.96.193.49
757,Justin,Skones,jskonesl0@china.com.cn,Genderfluid,219.20.118.78
758,Alf,Corkill,acorkilll1@nyu.edu,Male,163.108.239.216
759,Ashbey,Rawlence,arawlencel2@github.io,Male,175.201.149.162
760,Bartholomew,Gisbourn,bgisbournl3@mashable.com,Male,77.122.238.252
761,Padget,Rolin,prolinl4@accuweather.com,Non-binary,3.24.5.224
762,Elsbeth,Cluney,ecluneyl5@zimbio.com,Female,223.51.80.203
763,Gloria,Merman,gmermanl6@sciencedaily.com,Female,159.131.125.212
764,Spense,Filliskirk,sfilliskirkl7@shinystat.com,Male,169.155.197.223
765,Joline,Booi,jbooil8@macromedia.com,Female,245.172.232.24
766,Minette,Paul,mpaull9@cbsnews.com,Female,9.103.241.217
767,Obidiah,Ruffle,orufflela@scribd.com,Male,48.179.148.182
768,Jerome,Emanson,jemansonlb@wisc.edu,Male,55.127.66.94
769,Braden,Rosini,brosinilc@mapquest.com,Male,136.47.116.82
770,Vicki,Town,vtownld@indiatimes.com,Polygender,227.95.91.210
771,Fidelia,Aspinal,faspinalle@businessweek.com,Female,40.191.155.152
772,Coletta,Hallward,challwardlf@tinyurl.com,Female,158.226.228.65
773,Olin,Bryan,obryanlg@example.com,Bigender,163.146.194.74
774,Torrie,Tunna,ttunnalh@usa.gov,Female,120.182.86.227
775,Lorraine,Cooke,lcookeli@mail.ru,Female,119.81.82.248
776,Dave,Greatrakes,dgreatrakeslj@slashdot.org,Male,104.174.86.48
777,Roby,Causbey,rcausbeylk@livejournal.com,Female,74.159.202.140
778,Cynthy,Bielefeld,cbielefeldll@kickstarter.com,Female,254.8.17.100
779,Marissa,Wand,mwandlm@mlb.com,Female,98.104.78.212
780,Florentia,McKeighen,fmckeighenln@a8.net,Female,213.215.59.188
781,Grannie,Goforth,ggoforthlo@e-recht24.de,Male,235.137.1.154
782,Hermia,Petracci,hpetraccilp@harvard.edu,Female,56.153.118.231
783,Rog,Bridges,rbridgeslq@imageshack.us,Male,128.40.73.193
784,Madelene,Lowcock,mlowcocklr@clickbank.net,Female,83.55.127.230
785,Emanuel,Samwayes,esamwayesls@flickr.com,Male,158.47.231.120
786,Thoma,McGann,tmcgannlt@so-net.ne.jp,Genderfluid,28.123.60.90
787,Selinda,Pittway,spittwaylu@boston.com,Female,44.112.94.26
788,Shayne,Ilyenko,silyenkolv@about.com,Female,60.115.22.120
789,Dreddy,Peeke,dpeekelw@bizjournals.com,Female,57.188.79.66
790,Hercules,Bliss,hblisslx@statcounter.com,Male,93.12.9.247
791,Sianna,Haysar,shaysarly@sourceforge.net,Female,58.74.58.55
792,Durand,Smithe,dsmithelz@pen.io,Male,92.113.184.153
793,Andria,Paton,apatonm0@blogspot.com,Female,187.249.171.0
794,Rik,Kerrod,rkerrodm1@narod.ru,Male,144.213.135.50
795,Emlen,Garn,egarnm2@liveinternet.ru,Male,145.181.144.247
796,Sher,Steade,ssteadem3@sakura.ne.jp,Female,74.1.144.160
797,Jen,Lindeman,jlindemanm4@nyu.edu,Female,7.11.157.216
798,Stefano,Le Franc,slefrancm5@facebook.com,Male,8.91.124.101
799,Gustav,Bagnall,gbagnallm6@virginia.edu,Male,180.152.47.178
800,Ag,Crossingham,acrossinghamm7@hc360.com,Agender,130.45.227.152
801,Sharity,Bails,sbailsm8@a8.net,Female,50.61.243.29
802,Rudd,Easthope,reasthopem9@bloglines.com,Male,149.213.49.172
803,Elora,Kleanthous,ekleanthousma@usnews.com,Female,216.30.181.126
804,Randal,Dellenbach,rdellenbachmb@blogger.com,Male,1.165.249.43
805,Catriona,Francesconi,cfrancesconimc@npr.org,Female,177.177.77.155
806,Cosimo,Haselgrove,chaselgrovemd@guardian.co.uk,Male,35.42.164.77
807,Griz,Scudders,gscuddersme@fc2.com,Male,161.229.158.227
808,Ralina,Trevers,rtreversmf@dailymail.co.uk,Female,72.39.122.62
809,Gaile,Paynton,gpayntonmg@ifeng.com,Male,8.69.158.25
810,Elisa,Crannell,ecrannellmh@cargocollective.com,Female,180.85.137.37
811,Fan,Swindon,fswindonmi@wikispaces.com,Female,1.251.214.207
812,Janis,Bertenshaw,jbertenshawmj@hhs.gov,Female,116.44.41.6
813,Quintana,Abrahami,qabrahamimk@usda.gov,Female,77.213.226.212
814,Tannie,Cotta,tcottaml@naver.com,Male,99.70.249.117
815,Pasquale,Napleton,pnapletonmm@cloudflare.com,Male,213.247.233.9
816,Devina,Neads,dneadsmn@free.fr,Female,238.99.168.198
817,Alec,Higgoe,ahiggoemo@yellowpages.com,Agender,244.6.170.50
818,Eberhard,Bothram,ebothrammp@oaic.gov.au,Male,121.251.6.83
819,Chet,Chidzoy,cchidzoymq@telegraph.co.uk,Male,85.156.239.158
820,Merrel,Lant,mlantmr@stumbleupon.com,Male,107.128.52.193
821,Harrietta,Blowfield,hblowfieldms@vk.com,Female,79.205.36.90
822,Abie,Heaviside,aheavisidemt@geocities.com,Male,251.175.64.6
823,Morgan,Boram,mborammu@bizjournals.com,Male,195.190.243.249
824,Kerwin,Ough,koughmv@vk.com,Male,116.91.133.135
825,Averil,Bearfoot,abearfootmw@t.co,Male,250.71.64.178
826,Dwain,Margram,dmargrammx@go.com,Male,81.101.197.109
827,Lauralee,Winspurr,lwinspurrmy@vk.com,Female,121.25.102.113
828,Jenelle,Ledgley,jledgleymz@mediafire.com,Female,104.94.189.96
829,Meyer,Aubert,maubertn0@ezinearticles.com,Bigender,250.199.30.26
830,Andris,Olczak,aolczakn1@hao123.com,Male,56.156.120.140
831,Alwyn,Paolino,apaolinon2@google.nl,Male,233.9.186.166
832,Shoshana,Winn,swinnn3@admin.ch,Female,51.79.175.142
833,Yuri,Echlin,yechlinn4@adobe.com,Male,241.70.249.224
834,Carola,Royste,croysten5@flickr.com,Female,14.86.96.54
835,Murdock,Maple,mmaplen6@wufoo.com,Male,71.113.91.49
836,Cara,Hundall,chundalln7@vkontakte.ru,Female,247.11.143.193
837,Lilith,Tigwell,ltigwelln8@marketwatch.com,Female,118.94.220.226
838,Paule,Hauch,phauchn9@ustream.tv,Female,139.34.43.173
839,Hildagard,Dunnett,hdunnettna@addtoany.com,Female,222.157.34.63
840,Dion,Ferrarotti,dferrarottinb@cloudflare.com,Male,45.92.192.179
841,Thane,Toth,ttothnc@nbcnews.com,Male,183.248.219.17
842,Alleyn,Drewry,adrewrynd@phoca.cz,Male,13.173.248.4
843,Hobie,Stains,hstainsne@paypal.com,Male,4.209.134.187
844,Christy,Swales,cswalesnf@columbia.edu,Female,228.18.207.175
845,Myron,Vogeler,mvogelerng@jalbum.net,Male,205.213.89.211
846,Gideon,Milberry,gmilberrynh@bbc.co.uk,Male,84.20.32.8
847,Neda,Stokoe,nstokoeni@soundcloud.com,Female,20.122.26.51
848,Edouard,Danat,edanatnj@bloglines.com,Male,229.170.21.234
849,Tory,Lysons,tlysonsnk@europa.eu,Female,7.113.183.120
850,April,Peters,apetersnl@ifeng.com,Female,128.45.133.74
851,Dylan,Petkovic,dpetkovicnm@opera.com,Male,171.2.180.136
852,Emlyn,Wabey,ewabeynn@vk.com,Polygender,96.59.111.181
853,Fenelia,Money,fmoneyno@icio.us,Female,210.201.130.118
854,Bogart,Philipsohn,bphilipsohnnp@intel.com,Male,1.201.176.169
855,Marve,Soff,msoffnq@newyorker.com,Male,35.15.28.231
856,Winne,Shallcroff,wshallcroffnr@desdev.cn,Female,252.34.108.88
857,Phil,Minister,pministerns@spiegel.de,Male,38.231.96.142
858,Wilhelm,Brasener,wbrasenernt@ftc.gov,Male,139.247.94.76
859,Farley,Gilberthorpe,fgilberthorpenu@jigsy.com,Male,70.44.75.108
860,Lenna,Luscott,lluscottnv@skype.com,Female,113.108.16.121
861,Yettie,Riccardi,yriccardinw@sogou.com,Female,77.98.172.225
862,See,Wreiford,swreifordnx@mail.ru,Male,189.139.5.122
863,Henri,Tillyer,htillyerny@foxnews.com,Male,51.137.85.118
864,Bev,Rangell,brangellnz@twitpic.com,Male,159.181.247.230
865,Alf,Tripean,atripeano0@latimes.com,Male,253.124.65.131
866,Dory,Bravington,dbravingtono1@ted.com,Male,105.158.29.29
867,Simeon,Kimbly,skimblyo2@github.com,Male,81.58.192.53
868,Ewan,Balas,ebalaso3@dropbox.com,Male,18.140.207.27
869,Dorie,Huygen,dhuygeno4@drupal.org,Female,16.96.231.43
870,Laurianne,Peoples,lpeopleso5@msn.com,Female,80.198.175.125
871,Mordy,Cussins,mcussinso6@360.cn,Genderfluid,247.31.19.187
872,Jolie,Mullis,jmulliso7@skype.com,Female,121.243.19.44
873,Klarika,Kivlehan,kkivlehano8@alexa.com,Female,60.80.96.3
874,Eloisa,Posnett,eposnetto9@harvard.edu,Genderqueer,24.9.201.138
875,Lemar,Kaysor,lkaysoroa@blogspot.com,Male,121.5.226.128
876,Antonin,Saleway,asalewayob@squarespace.com,Male,56.181.91.120
877,Ezechiel,Fosdick,efosdickoc@soundcloud.com,Male,14.64.216.123
878,Frederico,Acuna,facunaod@npr.org,Male,154.115.89.66
879,Guillemette,Juszkiewicz,gjuszkiewiczoe@mac.com,Female,32.105.11.94
880,Sam,Whimper,swhimperof@is.gd,Male,163.161.43.136
881,Ettore,Pattie,epattieog@nsw.gov.au,Male,70.25.187.19
882,Fidelio,Solomon,fsolomonoh@cbc.ca,Agender,28.113.68.210
883,Sol,Veivers,sveiversoi@woothemes.com,Male,222.90.81.109
884,Fredrika,Antrack,fantrackoj@creativecommons.org,Female,190.115.148.40
885,Eldridge,Eayrs,eeayrsok@nifty.com,Male,90.137.251.123
886,Gae,Philippet,gphilippetol@ameblo.jp,Female,70.189.203.62
887,Edyth,McCabe,emccabeom@wix.com,Female,127.175.36.2
888,Aron,Isaksen,aisaksenon@toplist.cz,Male,23.198.94.78
889,Carmela,Spincke,cspinckeoo@netscape.com,Female,93.254.136.204
890,Amabel,Hanstock,ahanstockop@sourceforge.net,Female,79.87.23.239
891,Hubey,Jarrel,hjarreloq@comsenz.com,Male,28.52.190.10
892,Clarance,Bagnell,cbagnellor@gravatar.com,Male,128.222.140.122
893,Averyl,Thurske,athurskeos@miibeian.gov.cn,Female,174.69.45.64
894,Nikolaos,Smythe,nsmytheot@facebook.com,Male,64.59.221.244
895,Boyd,Glaves,bglavesou@google.com.hk,Male,86.128.29.89
896,Curr,Lewcock,clewcockov@networkadvertising.org,Male,151.234.65.78
897,Avigdor,Sealey,asealeyow@hexun.com,Male,46.146.2.157
898,Anthe,Sancroft,asancroftox@is.gd,Female,247.43.32.134
899,Dewey,Gooden,dgoodenoy@unesco.org,Male,96.40.250.190
900,Ash,Coetzee,acoetzeeoz@ca.gov,Male,18.181.5.143
901,Donavon,Ilson,dilsonp0@feedburner.com,Male,179.107.231.158
902,Roxy,Addinall,raddinallp1@de.vu,Female,20.88.49.236
903,Ham,Alebrooke,halebrookep2@unblog.fr,Male,208.61.171.97
904,Vernon,Bayman,vbaymanp3@theguardian.com,Male,45.104.247.27
905,Edyth,Kovnot,ekovnotp4@alexa.com,Female,20.64.105.154
906,Myrtia,McBryde,mmcbrydep5@buzzfeed.com,Female,189.35.2.233
907,Flori,Enticknap,fenticknapp6@nyu.edu,Female,213.232.151.254
908,Eduardo,Simison,esimisonp7@newsvine.com,Genderqueer,49.177.93.34
909,Leicester,Crafts,lcraftsp8@woothemes.com,Male,109.177.15.253
910,Georgiana,Layland,glaylandp9@go.com,Female,147.164.77.137
911,Otes,Pinney,opinneypa@ucla.edu,Male,246.165.28.44
912,Davin,Everly,deverlypb@blogspot.com,Male,2.222.176.176
913,Sidnee,Iannuzzelli,siannuzzellipc@icio.us,Male,70.140.165.125
914,Staci,Chicchetto,schicchettopd@infoseek.co.jp,Female,124.38.162.155
915,Isadora,Bachanski,ibachanskipe@noaa.gov,Female,228.93.98.66
916,Nick,Martynka,nmartynkapf@newsvine.com,Male,187.52.30.101
917,Brietta,Boakes,bboakespg@163.com,Female,145.229.76.244
918,Redd,Pitrollo,rpitrolloph@jalbum.net,Male,50.177.93.194
919,Piggy,Gorstidge,pgorstidgepi@com.com,Male,186.115.128.224
920,Nelly,Huzzey,nhuzzeypj@patch.com,Female,141.104.63.141
921,Jenilee,Northedge,jnorthedgepk@google.com.au,Female,255.38.251.249
922,Ambrosio,Feavearyear,afeavearyearpl@chronoengine.com,Male,19.151.36.168
923,Magnum,Kerfoot,mkerfootpm@tumblr.com,Male,120.180.189.123
924,Nathaniel,Gatherer,ngathererpn@google.ca,Male,58.79.135.78
925,Inness,Duckitt,iduckittpo@statcounter.com,Male,149.25.252.174
926,Sharity,Godart,sgodartpp@imdb.com,Female,221.102.145.242
927,Marty,Kimmerling,mkimmerlingpq@time.com,Female,163.109.18.150
928,Kelley,Gleader,kgleaderpr@dagondesign.com,Female,63.29.240.34
929,Grantham,Sexty,gsextyps@exblog.jp,Male,234.101.242.243
930,Algernon,Scranedge,ascranedgept@telegraph.co.uk,Male,121.100.8.141
931,Audy,Laidler,alaidlerpu@theglobeandmail.com,Genderfluid,64.183.157.193
932,Elwin,Gue,eguepv@unicef.org,Male,129.186.147.135
933,Loleta,Ralphs,lralphspw@china.com.cn,Female,176.217.93.18
934,Neils,Simonelli,nsimonellipx@discovery.com,Male,85.239.78.203
935,Denis,Ponting,dpontingpy@surveymonkey.com,Male,110.52.252.53
936,Hyatt,Scollan,hscollanpz@people.com.cn,Bigender,30.129.23.237
937,Giorgi,Woosnam,gwoosnamq0@businessweek.com,Male,121.144.143.194
938,Godard,Dight,gdightq1@fc2.com,Male,194.86.205.188
939,Neil,Suttill,nsuttillq2@dailymotion.com,Male,237.143.101.238
940,Nicolai,Matussevich,nmatussevichq3@skype.com,Male,150.135.64.211
941,Mahalia,Le Marchand,mlemarchandq4@ow.ly,Female,89.117.183.62
942,Marlane,Gowers,mgowersq5@hostgator.com,Female,143.100.223.28
943,Hort,Narramore,hnarramoreq6@house.gov,Agender,84.24.192.62
944,Lottie,Gundrey,lgundreyq7@google.de,Female,132.75.165.219
945,Clarey,Papworth,cpapworthq8@toplist.cz,Female,112.61.124.164
946,Brade,Degoy,bdegoyq9@stanford.edu,Male,108.106.113.27
947,Fran,Hartin,fhartinqa@abc.net.au,Genderfluid,169.162.192.83
948,Maryanna,Scholling,mschollingqb@friendfeed.com,Female,207.9.104.166
949,Amil,Boaler,aboalerqc@canalblog.com,Polygender,95.45.28.253
950,Mandie,Websdale,mwebsdaleqd@epa.gov,Female,200.157.33.172
951,Lisha,Gounin,lgouninqe@typepad.com,Female,133.29.241.220
952,Aurlie,Vain,avainqf@newyorker.com,Female,138.138.10.121
953,Neely,Foulger,nfoulgerqg@altervista.org,Female,8.35.179.0
954,Bibi,Georgiades,bgeorgiadesqh@google.nl,Female,50.71.245.202
955,Colby,Gazey,cgazeyqi@abc.net.au,Male,187.37.184.220
956,Reinhard,Garrould,rgarrouldqj@ehow.com,Male,197.25.222.153
957,Marisa,Kmieciak,mkmieciakqk@globo.com,Female,239.75.30.189
958,Svend,Horbart,shorbartql@domainmarket.com,Male,44.232.57.60
959,Frederica,Seabrooke,fseabrookeqm@latimes.com,Female,216.126.45.30
960,Sidney,Jehan,sjehanqn@purevolume.com,Male,166.218.175.4
961,Kellina,Henden,khendenqo@hubpages.com,Female,216.211.64.146
962,Gilberte,Guisot,gguisotqp@tripadvisor.com,Female,169.181.243.202
963,Netty,Demetr,ndemetrqq@ameblo.jp,Female,157.101.16.134
964,Gasparo,Ludlow,gludlowqr@ehow.com,Male,92.207.253.138
965,Jeffy,Gounot,jgounotqs@woothemes.com,Male,204.24.6.92
966,Blinny,O'Shirine,boshirineqt@bloglovin.com,Female,65.92.228.75
967,Nikolas,Apark,naparkqu@ucoz.ru,Male,222.247.109.149
968,Shayne,Ivanishin,sivanishinqv@vkontakte.ru,Bigender,100.101.108.150
969,Twyla,Pudner,tpudnerqw@globo.com,Female,153.179.54.20
970,Son,Comellini,scomelliniqx@cam.ac.uk,Male,225.230.18.35
971,Fritz,Baalham,fbaalhamqy@tiny.cc,Male,94.229.187.93
972,Tobe,Medhurst,tmedhurstqz@about.com,Male,103.205.29.140
973,Vernon,Peasgood,vpeasgoodr0@opera.com,Male,39.136.126.7
974,Nappy,Corradini,ncorradinir1@wunderground.com,Male,92.127.207.12
975,Lenka,Romanetti,lromanettir2@adobe.com,Female,131.247.182.185
976,Ewen,Tubridy,etubridyr3@last.fm,Male,212.41.99.179
977,Skell,Kays,skaysr4@yolasite.com,Male,231.239.150.100
978,Dayle,Doulden,ddouldenr5@purevolume.com,Female,99.65.89.70
979,Meghann,Vassbender,mvassbenderr6@cbc.ca,Female,20.50.53.3
980,Nat,McMichell,nmcmichellr7@rakuten.co.jp,Genderqueer,127.159.124.153
981,Barbee,Barbary,bbarbaryr8@state.tx.us,Female,25.212.140.136
982,Elsa,Bosworth,ebosworthr9@home.pl,Female,59.163.5.255
983,Chris,Boughtwood,cboughtwoodra@whitehouse.gov,Female,6.82.69.52
984,Cindra,Munning,cmunningrb@walmart.com,Female,150.255.99.136
985,Abbott,Dungate,adungaterc@omniture.com,Polygender,220.252.249.72
986,Trstram,Peasby,tpeasbyrd@ftc.gov,Male,214.15.122.253
987,Ayn,Brenneke,abrennekere@yandex.ru,Female,161.168.234.145
988,Duffie,Lentsch,dlentschrf@economist.com,Male,247.172.126.253
989,Maryjane,Quincey,mquinceyrg@wsj.com,Female,29.22.109.29
990,Ezmeralda,Pear,epearrh@reference.com,Female,54.20.176.17
991,Aurelea,MacAne,amacaneri@tripadvisor.com,Female,200.141.190.212
992,Brett,Mabbott,bmabbottrj@patch.com,Female,123.15.219.89
993,Kiri,Watkinson,kwatkinsonrk@seesaa.net,Female,10.152.127.193
994,Salomone,Damsell,sdamsellrl@wisc.edu,Male,86.112.68.74
995,Jorry,Bearham,jbearhamrm@eepurl.com,Female,206.113.82.89
996,Jennifer,Krale,jkralern@prlog.org,Bigender,118.59.209.178
997,Binnie,Spurway,bspurwayro@prweb.com,Female,161.45.182.42
998,Carlynn,Housen,chousenrp@wiley.com,Female,39.77.42.36
999,Dael,Zanetto,dzanettorq@pagesperso-orange.fr,Polygender,77.183.247.154
1000,Raymund,Panchin,rpanchinrr@cnn.com,Male,64.253.82.61
